id,source,plan,chunk_index,text
guia-1,GUIA PR√ÅTICO PARA CRIAR UM PORTF√ìLIO DE ARQUITETURA IMPACTANTE (1).pdf,medio,1,"Seja
 
bem-vindo
 
ao
 
Guia
 
pr√°tico
 
para
 
criar
 
um
 
portf√≥lio
 
de
 
arquitetura
 
impactante
 
para
 
estudantes
 
e
 
atuais
 
arquitetos!
 
 
 
 
ArqSphere"
guia-2,GUIA PR√ÅTICO PARA CRIAR UM PORTF√ìLIO DE ARQUITETURA IMPACTANTE (1).pdf,medio,2,"ra
 
impactante
 
para
 
estudantes
 
e
 
atuais
 
arquitetos!
 
 
 
 
ArqSphere
√çNDICE   COMPLETO     P√°g.05.....   Introdu√ß√£o     P√°g.07.....   Sec√ß√£o   1   |   Construir   o   Portf√≥lio   como   Estudante   de   Arquitetura     P√°g.07.....   Cap√≠tulo   1   ‚Äì   O   que   √©   um   Portf√≥lio   de   Arquitetura   e   Porque   Ele   √©   Essencial?   P√°g.08.....   Qual   √©   o   Objetivo   do   Portf√≥lio   para   um   Estudante?   P√°g.08.....   Porque   Criar   um   Portf√≥lio   Desde   os   Primeiros   Anos   da   Faculdade?   P√°g.09.....   O   que   Torna   um   Portf√≥lio   de   Estudante   Atraente?   P√°g.09.....   Conclus√£o   do   Cap√≠tulo     P√°g.10.....   Cap√≠tulo   2"
guia-3,GUIA PR√ÅTICO PARA CRIAR UM PORTF√ìLIO DE ARQUITETURA IMPACTANTE (1).pdf,medio,3,"raente?   P√°g.09.....   Conclus√£o   do   Cap√≠tulo     P√°g.10.....   Cap√≠tulo   2
‚Äì   Porque   Come√ßar   um   Portf√≥lio   Desde   os   Primeiros   Anos   da   Faculdade?   P√°g.10.....   Refletir   sobre   o   Processo   de   Aprendizagem   P√°g.1 1.....   Estabelecer   uma   Marca   Pessoal   Desde   Cedo   P√°g.15.....   Oportunidades   de   Networking   e   Visibilidade   P√°g.16.....   Prepara√ß√£o   para   o   Mercado   de   Trabalho     P√°g.18.....   Cap√≠tulo   3   ‚Äì   Sele√ß√£o   e   Apresenta√ß√£o   de   Projetos   no   Portf√≥lio   P√°g.18.....   Passo   1:   Defina   o   Objetivo   do   Seu   Portf√≥lio   P√°g.18.....   Passo   2:   Selecione   Projetos   que   Destaquem   as"
guia-4,GUIA PR√ÅTICO PARA CRIAR UM PORTF√ìLIO DE ARQUITETURA IMPACTANTE (1).pdf,medio,4,"rtf√≥lio   P√°g.18.....   Passo   2:   Selecione   Projetos   que   Destaquem   as
Suas   Habilidades   P√°g.19.....   Passo   3:   Estruture   a   Apresenta√ß√£o   de   Cada   Projeto   P√°g.19.....   Passo   4:   Mantenha   a   Coer√™ncia   Visual   e   Narrativa   P√°g.20.....   Passo   5:   Reveja   e   Atualize   Regularmente     P√°g.21.....   Cap√≠tulo   4   ‚Äì   Desenvolvimento   de   um   Portf√≥lio   Online   de   Arquitetura   P√°g.21.....   Passo   1:   Escolha   da   Plataforma   Ideal   P√°g.22.....   Passo   2:   Estrutura√ß√£o   do   Conte√∫do   P√°g.23.....   Passo   3:   Sele√ß√£o   e   Otimiza√ß√£o   de   Conte√∫dos   Visuais   P√°g.23.....   Passo   4:   Implementa√ß√£o   de"
guia-5,GUIA PR√ÅTICO PARA CRIAR UM PORTF√ìLIO DE ARQUITETURA IMPACTANTE (1).pdf,medio,5,"za√ß√£o   de   Conte√∫dos   Visuais   P√°g.23.....   Passo   4:   Implementa√ß√£o   de
Funcionalidades   Adicionais   P√°g.24.....   Passo   5:   Publica√ß√£o   e   Divulga√ß√£o     P√°g.28.....   Cap√≠tulo   5   ‚Äì   Prepara√ß√£o   para   Entrevistas   e   Apresenta√ß√µes   P√°g.28.....   Passo   1:   Como   Apresentar   o   Portf√≥lio   em   Entrevistas   P√°g.31.....   Passo   2:   Adaptar   o   Portf√≥lio   para   Diferentes   Oportunidades   P√°g.36.....   Passo   3:   Destacar   a   Identidade   Visual   e   a   Comunica√ß√£o   do   Portf√≥lio   P√°g.40.....   Passo   4:   Revis√£o,   Aperfei√ßoamento   e   Atualiza√ß√£o   Cont√≠nua   do   Portf√≥lio   P√°g.41.....   Passo   5:   Divulga√ß√£o"
guia-6,GUIA PR√ÅTICO PARA CRIAR UM PORTF√ìLIO DE ARQUITETURA IMPACTANTE (1).pdf,medio,6,"Atualiza√ß√£o   Cont√≠nua   do   Portf√≥lio   P√°g.41.....   Passo   5:   Divulga√ß√£o
Estrat√©gica   e   Networking   Profissional   P√°g.46.....   Passo   6:   Manuten√ß√£o   e   Evolu√ß√£o   Cont√≠nua   do   Portf√≥lio   P√°g.50.....   Passo   7:   Apresenta√ß√£o   e   Comunica√ß√£o   do   Portf√≥lio   Este   conte√∫do   foi   desenvolvido   pela   ArqSphere   ‚Äì   Arquitetura           1"
guia-7,GUIA PR√ÅTICO PARA CRIAR UM PORTF√ìLIO DE ARQUITETURA IMPACTANTE (1).pdf,medio,7,"conte√∫do   foi   desenvolvido   pela   ArqSphere   ‚Äì   Arquitetura           1
P√°g.59.....   Cap√≠tulo   6   ‚Äì   Erros   Comuns   em   Portf√≥lios   de   Arquitetura   e   Como   Evit√°-los     P√°g.63.....   Conclus√£o     P√°g.64.....   Sec√ß√£o   2   |   Desenvolver   um   Portf√≥lio   Profissional   como   Arquiteto   Formado     P√°g.64.....   Cap√≠tulo   1   ‚Äì   O   que   √©   um   Portf√≥lio   de   Arquitetura   e   Por   que   Ele   √©   Essencial?   P√°g.64.....   O   que   √©   um   Portf√≥lio   de   Arquitetura?   P√°g.65.....   Por   que   um   Portf√≥lio   √©   Essencial?   P√°g.65.....   Tipos   de   Portf√≥lio   de   Arquitetura   P√°g.67.....   O   que   Faz   um   Portf√≥lio"
guia-8,GUIA PR√ÅTICO PARA CRIAR UM PORTF√ìLIO DE ARQUITETURA IMPACTANTE (1).pdf,medio,8,"de   Portf√≥lio   de   Arquitetura   P√°g.67.....   O   que   Faz   um   Portf√≥lio
se   Destacar?   P√°g.68.....   O   Primeiro   Passo   para   Criar   o   Seu   Portf√≥lio   P√°g.68.....   Qual   Formato   de   Portf√≥lio   Escolher   para   Cada   P√∫blico-Alvo?   P√°g.72.....   Conclus√£o:   Como   Escolher   o   Formato   Ideal   para   Si     P√°g.75.....   Cap√≠tulo   2   ‚Äì   Elementos   Essenciais   de   um   Portf√≥lio   de   Arquitetura   P√°g.75.....   Estrutura   B√°sica   de   um   Portf√≥lio   P√°g.75.....   Capa:   O   Primeiro   Impacto   Visual   P√°g.76.....   P√°gina   de   Introdu√ß√£o:   Resumo   sobre   Si   P√°g.76.....   √çndice   (Opcional   para   Portf√≥lios   Mais"
guia-9,GUIA PR√ÅTICO PARA CRIAR UM PORTF√ìLIO DE ARQUITETURA IMPACTANTE (1).pdf,medio,9,"esumo   sobre   Si   P√°g.76.....   √çndice   (Opcional   para   Portf√≥lios   Mais
Longos)   P√°g.77.....   Projetos:   O   Cora√ß√£o   do   Seu   Portf√≥lio   P√°g.78.....   Sec√ß√£o   Extra   (Opcional):   Destacando   os   Seus   Diferenciais   P√°g.78.....   Contato   e   Informa√ß√µes   Finais   P√°g.78.....   Erros   Comuns   em   Portf√≥lios   (E   Como   Evit√°-los)   P√°g.79.....   Conclus√£o:   O   que   Faz   um   Portf√≥lio   Ser   Realmente   Eficiente?     P√°g.83.....   Cap√≠tulo   3   ‚Äì   Design   e   Diagrama√ß√£o:   Como   Tornar   o   Seu   Portf√≥lio   Visualmente   Atraente   P√°g.83.....   A   Import√¢ncia   do   Design   na   Apresenta√ß√£o   do   Portf√≥lio   P√°g.83....."
guia-10,GUIA PR√ÅTICO PARA CRIAR UM PORTF√ìLIO DE ARQUITETURA IMPACTANTE (1).pdf,medio,10,"A   Import√¢ncia   do   Design   na   Apresenta√ß√£o   do   Portf√≥lio   P√°g.83.....
Formatos   e   Orienta√ß√£o:   Qual   o   Melhor   para   o   Seu   Portf√≥lio?   P√°g.84.....   Tipografia:   Escolher   Fontes   que   Transmitem   Profissionalismo   P√°g.85.....   Paleta   de   Cores:   Como   Escolher   uma   Identidade   Visual   Coerente   P√°g.85.....   Layout   e   Organiza√ß√£o   das   P√°ginas   P√°g.86.....   Erros   Comuns   de   Design   (E   Como   Evit√°-los)   P√°g.87.....   Conclus√£o:   Como   Criar   um   Design   que   se   Destaca?         Este   conte√∫do   foi   desenvolvido   pela   ArqSphere   ‚Äì   Arquitetura           2"
guia-11,GUIA PR√ÅTICO PARA CRIAR UM PORTF√ìLIO DE ARQUITETURA IMPACTANTE (1).pdf,medio,11,"conte√∫do   foi   desenvolvido   pela   ArqSphere   ‚Äì   Arquitetura           2
P√°g.90.....   Cap√≠tulo   4   ‚Äì   Como   Destacar   o   Seu   Portf√≥lio   e   Conquistar   Oportunidades   P√°g.90.....   Adaptar   o   Portf√≥lio   para   Diferentes   Oportunidades   P√°g.91.....   Divulga√ß√£o   e   Visibilidade:   Onde   e   Como   Apresentar   o   Seu   Portf√≥lio   P√°g.93.....   Networking   e   Aproveitamento   de   Oportunidades   P√°g.93.....   Otimiza√ß√£o   para   Oportunidades   Internacionais   P√°g.96.....   Erros   que   Podem   Comprometer   a   Sua   Visibilidade   P√°g.96.....   Conclus√£o:   Como   Fazer   o   Seu   Portf√≥lio   Gerar   Oportunidades     P√°g.101....."
guia-12,GUIA PR√ÅTICO PARA CRIAR UM PORTF√ìLIO DE ARQUITETURA IMPACTANTE (1).pdf,medio,12,"o:   Como   Fazer   o   Seu   Portf√≥lio   Gerar   Oportunidades     P√°g.101.....
Cap√≠tulo   5   ‚Äì   Estudos   de   Caso:   An√°lise   de   Portf√≥lios   de   Sucesso   P√°g.101.....   O   que   Torna   um   Portf√≥lio   de   Arquitetura   Bem-Sucedido?   P√°g.101.....   Estudo   de   Caso   1:   Portf√≥lio   para   o   Mercado   de   Trabalho   P√°g.102.....   Estudo   de   Caso   2:   Portf√≥lio   para   Clientes   e   Projetos   Aut√≥nomos   P√°g.103.....   Estudo   de   Caso   3:   Portf√≥lio   para   Academia   e   Concursos   P√°g.103.....   Principais   Li√ß√µes   dos   Estudos   de   Caso   P√°g.106.....   Erros   Comuns   e   Como   Evit√°-los   P√°g.1 10.....   Conclus√£o:   Como"
guia-13,GUIA PR√ÅTICO PARA CRIAR UM PORTF√ìLIO DE ARQUITETURA IMPACTANTE (1).pdf,medio,13,"....   Erros   Comuns   e   Como   Evit√°-los   P√°g.1 10.....   Conclus√£o:   Como
Criar   um   Portf√≥lio   que   se   Destaca?     P√°g.1 14.....   Cap√≠tulo   6   ‚Äì   Ferramentas   e   Recursos   para   Criar   um   Portf√≥lio   Profissional   P√°g.1 14.....   Escolher   as   Ferramentas   Certas   para   Cada   Tipo   de   Portf√≥lio   P√°g.1 16.....   Diagrama√ß√£o   e   Layout:   Como   Estruturar   o   Portf√≥lio   Visualmente   P√°g.1 17.....   Edi√ß√£o   de   Imagens:   Aprimorando   a   Apresenta√ß√£o   Visual   P√°g.1 18.....   Modelagem   3D   e   Renderiza√ß√£o:   Como   Destacar   os   Seus   Projetos   P√°g.81.....   Tecnologias   Emergentes:   IA,   Realidade   Aumentada/"
guia-14,GUIA PR√ÅTICO PARA CRIAR UM PORTF√ìLIO DE ARQUITETURA IMPACTANTE (1).pdf,medio,14,"rojetos   P√°g.81.....   Tecnologias   Emergentes:   IA,   Realidade   Aumentada/
Virtual   e   Cloud   na   Modelagem   3D   e   Renderiza√ß√£o     P√°g.123.....   Plataformas   para   Apresenta√ß√£o   Digital   P√°g.124.....   Convers√£o,   Otimiza√ß√£o   e   Compartilhamento   P√°g.124.....   Conclus√£o:   Como   Escolher   as   Melhores   Ferramentas   para   o   Seu   Portf√≥lio?     P√°g.128.....   Cap√≠tulo   7   ‚Äì   Revis√£o,   Atualiza√ß√£o   e   Melhoria   Cont√≠nua   do   Portf√≥lio   P√°g.128.....   Por   que   a   Revis√£o   e   Atualiza√ß√£o   S√£o   Essenciais?   P√°g.129.....   Como   Fazer   uma   Revis√£o   Cr√≠tica   do   Seu   Portf√≥lio?   P√°g.129.....   O   que   Atualizar"
guia-15,GUIA PR√ÅTICO PARA CRIAR UM PORTF√ìLIO DE ARQUITETURA IMPACTANTE (1).pdf,medio,15,"Revis√£o   Cr√≠tica   do   Seu   Portf√≥lio?   P√°g.129.....   O   que   Atualizar
Regularmente   no   Portf√≥lio?   P√°g.130.....   Como   Melhorar   Continuamente   o   Seu   Portf√≥lio?   P√°g.131.....   Erros   Comuns   na   Atualiza√ß√£o   do   Portf√≥lio   e   Como   Evit√°-los   P√°g.131.....   Plano   de   Manuten√ß√£o:   Cronograma   para   Atualiza√ß√£o   P√°g.131.....   Conclus√£o:   A   Import√¢ncia   de   um   Portf√≥lio   Sempre   Atualizado     P√°g.136.....   Cap√≠tulo   8   ‚Äì   Como   Divulgar   o   Seu   Portf√≥lio   e   Aumentar   a   Sua   Visibilidade   no   Mercado   P√°g.136.....   Definir   o   Seu   Objetivo   de   Divulga√ß√£o   Este   conte√∫do   foi   desenvolvido   pela"
guia-16,GUIA PR√ÅTICO PARA CRIAR UM PORTF√ìLIO DE ARQUITETURA IMPACTANTE (1).pdf,medio,16,"Seu   Objetivo   de   Divulga√ß√£o   Este   conte√∫do   foi   desenvolvido   pela
ArqSphere   ‚Äì   Arquitetura           3"
guia-17,GUIA PR√ÅTICO PARA CRIAR UM PORTF√ìLIO DE ARQUITETURA IMPACTANTE (1).pdf,medio,17,"e   conte√∫do   foi   desenvolvido   pela
ArqSphere   ‚Äì   Arquitetura           3
P√°g.137.....   Como   Apresentar   o   Seu   Portf√≥lio   a   Recrutadores   P√°g.138.....   Utilizar   Plataformas   Online   para   Atrair   Oportunidades   P√°g.139.....   Como   Usar   o   Marketing   Digital   para   Promover   o   Seu   Trabalho   P√°g.139.....   Participa√ß√£o   em   Eventos   e   Networking   P√°g.140.....   Erros   Comuns   na   Divulga√ß√£o   do   Portf√≥lio   e   Como   Evit√°-los   P√°g.140.....   Conclus√£o:   A   Import√¢ncia   de   uma   Divulga√ß√£o   Estrat√©gica     P√°g.143.....   Cap√≠tulo   9   ‚Äì   Como   Usar   o   Portf√≥lio   para   Negociar   Oportunidades   e"
guia-18,GUIA PR√ÅTICO PARA CRIAR UM PORTF√ìLIO DE ARQUITETURA IMPACTANTE (1).pdf,medio,18,"tulo   9   ‚Äì   Como   Usar   o   Portf√≥lio   para   Negociar   Oportunidades   e
Conquistar   Melhores   Propostas   P√°g.143.....   O   Papel   do   Portf√≥lio   na   Negocia√ß√£o   Profissional   P√°g.143.....   Como   Utilizar   o   Portf√≥lio   para   Negociar   um   Emprego?   P√°g.144.....   Como   Usar   o   Portf√≥lio   para   Atrair   Clientes   como   Arquiteto   Aut√≥nomo?   P√°g.147.....   Como   Usar   o   Portf√≥lio   em   Concursos   e   Projetos   para   Investidores?   P√°g.147.....   Erros   Comuns   na   Negocia√ß√£o   e   Como   Evit√°-los   P√°g.148.....   Estrat√©gias   Avan√ßadas   para   Negociar   Melhores   Oportunidades   P√°g.148.....   Conclus√£o:   O   Portf√≥lio"
guia-19,GUIA PR√ÅTICO PARA CRIAR UM PORTF√ìLIO DE ARQUITETURA IMPACTANTE (1).pdf,medio,19,"Negociar   Melhores   Oportunidades   P√°g.148.....   Conclus√£o:   O   Portf√≥lio
como   Chave   para   Melhores   Oportunidades     P√°g.151.....   Cap√≠tulo   10   ‚Äì   Como   Construir   uma   Reputa√ß√£o   Profissional   S√≥lida   e   Fortalecer   a   Sua   Marca   no   Mercado   de   Arquitetura   P√°g.151.....   O   que   √©   Reputa√ß√£o   Profissional   e   Por   que   Ela   √©   Importante?   P√°g.152.....   Principais   Pilares   para   Construir   uma   Reputa√ß√£o   S√≥lida   P√°g.153.....   Como   Construir   uma   Marca   Pessoal   Forte   na   Arquitetura?   P√°g.155.....   Usar   a   Internet   para   Fortalecer   Sua   Presen√ßa   no   Mercado   P√°g.155.....   Como"
guia-20,GUIA PR√ÅTICO PARA CRIAR UM PORTF√ìLIO DE ARQUITETURA IMPACTANTE (1).pdf,medio,20,"ternet   para   Fortalecer   Sua   Presen√ßa   no   Mercado   P√°g.155.....   Como
Participar   Ativamente   do   Mercado   para   Ganhar   Credibilidade?   P√°g.156.....   Erros   que   Podem   Prejudicar   Sua   Reputa√ß√£o   Profissional   P√°g.156.....   Conclus√£o:   O   Segredo   para   se   Destacar   no   Mercado   de   Arquitetura     P√°g.159.....   Cap√≠tulo   11   ‚Äì   Como   Manter   o   Seu   Portf√≥lio   e   Carreira   Sempre   Atualizados   para   Continuar   Crescendo   no   Mercado   P√°g.159.....   Por   que   Manter   o   Portf√≥lio   Atualizado   √©   Fundamental?   P√°g.159.....   Como   Atualizar   o   Seu   Portf√≥lio   de   Forma   Estrat√©gica?   P√°g.161....."
guia-21,GUIA PR√ÅTICO PARA CRIAR UM PORTF√ìLIO DE ARQUITETURA IMPACTANTE (1).pdf,medio,21,"omo   Atualizar   o   Seu   Portf√≥lio   de   Forma   Estrat√©gica?   P√°g.161.....
Como   Continuar   a   Evoluir   na   Carreira?   P√°g.162.....   O   Poder   do   Networking   para   o   Crescimento   Profissional   P√°g.162.....   Como   se   Adaptar   √†s   Mudan√ßas   do   Mercado?   P√°g.162.....   Erros   Comuns   que   Atrapalham   o   Crescimento   Profissional   P√°g.163.....   Conclus√£o:   O   Segredo   para   uma   Carreira   de   Longo   Prazo   na   Arquitetura     P√°g.167.....   Conclus√£o     P√°g.168.....   Recursos   Adicionais   para   Estudantes   P√°g.169.....   Recursos   Adicionais   Arquitetos   Formados   Este   conte√∫do   foi   desenvolvido   pela"
guia-22,GUIA PR√ÅTICO PARA CRIAR UM PORTF√ìLIO DE ARQUITETURA IMPACTANTE (1).pdf,medio,22,"Adicionais   Arquitetos   Formados   Este   conte√∫do   foi   desenvolvido   pela
ArqSphere   ‚Äì   Arquitetura           4"
guia-23,GUIA PR√ÅTICO PARA CRIAR UM PORTF√ìLIO DE ARQUITETURA IMPACTANTE (1).pdf,medio,23,"e   conte√∫do   foi   desenvolvido   pela
ArqSphere   ‚Äì   Arquitetura           4
INTRODU√á√ÉO     Obrigado   por   confiar   no   meu   trabalho   e   na   ArqSphere!     Se   est√°   a   ler   este   eBook   agora,   significa   que   est√°   em   procura   de   evolu√ß√£o   na   sua   trajet√≥ria   como   estudante   de   arquitetura   ou arquiteto. E   quero   dizer ,   de   cora√ß√£o:   parab√©ns   por   dar   esse   passo!     Criar   um   portf√≥lio   de   arquitetura   pode   parecer   um   desafio,   mas   a   verdade   √©   que   ele   √©   uma   das   ferramentas   mais   poderosas   para   abrir   portas   na   profiss√£o.   Seja   para   conquistar   um   emprego,   atrair"
guia-24,GUIA PR√ÅTICO PARA CRIAR UM PORTF√ìLIO DE ARQUITETURA IMPACTANTE (1).pdf,medio,24,"r   portas   na   profiss√£o.   Seja   para   conquistar   um   emprego,   atrair
clientes   ou   destacar   os   seus   projetos,   um   portf√≥lio   bem   estruturado   pode   ser   o   que   falta   para   transformar   oportunidades   em   realidade.     Neste   eBook,   re√∫ne   um   guia   completo   e   direto   ao   ponto,   dividido   em   duas   sec√ß√µes   para   atender   √†s   suas   necessidades,   independentemente   do   seu   n√≠vel   de   experi√™ncia.   Se   est√°   no   in√≠cio   da   jornada   ou   j√°   possui   experi√™ncia   profissional,   este   material   vai   ajud√°-lo   a   construir   um   portf√≥lio   que   se   destaque.     Na   primeira   sec√ß√£o ,"
guia-25,GUIA PR√ÅTICO PARA CRIAR UM PORTF√ìLIO DE ARQUITETURA IMPACTANTE (1).pdf,medio,25,"construir   um   portf√≥lio   que   se   destaque.     Na   primeira   sec√ß√£o ,
vamos   focar   no   portf√≥lio   do   estudante   de   arquitetura .   Aqui,   aprender√°   como   come√ßar   a   documentar   a   sua   evolu√ß√£o,   escolher   e   apresentar   os   seus   projetos   acad√©micos,   e   como   preparar   um   portf√≥lio   desde   os   primeiros   anos   da   faculdade.     Na   segunda   sec√ß√£o ,   o   foco   √©   o   portf√≥lio   do   arquiteto   formado.   Exploraremos   como   destacar   projetos   profissionais,   concursos   e   como   criar   um   portf√≥lio   que   atraia   novos   clientes   e   abra   portas   no   mercado   de   trabalho.     Ao   longo"
guia-26,GUIA PR√ÅTICO PARA CRIAR UM PORTF√ìLIO DE ARQUITETURA IMPACTANTE (1).pdf,medio,26,"os   clientes   e   abra   portas   no   mercado   de   trabalho.     Ao   longo
das   pr√≥ximas   p√°ginas,   vai   aprender:   ‚úî   Como   escolher   o   melhor   formato   para   o   seu   portf√≥lio,   conforme   os   seus   objetivos.   ‚úî   As   principais   estrat√©gias   visuais   para   destacar   os   seus   projetos.   ‚úî   Os   erros   mais   comuns   que   podem   comprometer   as   suas   oportunidades   ‚Äì   e   como   evit√°-los.   ‚úî   Ferramentas   e   softwares   que   facilitam   a   cria√ß√£o   de   um   portf√≥lio   profissional.   ‚úî   Dicas   de   apresenta√ß√£o   para   impressionar   recrutadores   e   clientes.     Agora,   a   jornada   est√°   nas   suas"
guia-27,GUIA PR√ÅTICO PARA CRIAR UM PORTF√ìLIO DE ARQUITETURA IMPACTANTE (1).pdf,medio,27,"onar   recrutadores   e   clientes.     Agora,   a   jornada   est√°   nas   suas
m√£os.   Criar   um   portf√≥lio   n√£o   √©   apenas   uma   tarefa,   mas   uma   oportunidade   de   mostrar   ao   mundo   o   seu   potencial   e   a   sua   paix√£o   pela   arquitetura.   O   conte√∫do   que   vai   encontrar   neste   eBook   √©   a   chave   para   transformar   o   seu   portf√≥lio   numa   verdadeira   vitrine   do   seu   talento,   que   ir√°   abrir   portas   e   criar   oportunidades   para   o   seu   futuro.   Este   conte√∫do   foi   desenvolvido   pela   ArqSphere   ‚Äì   Arquitetura           5"
guia-28,GUIA PR√ÅTICO PARA CRIAR UM PORTF√ìLIO DE ARQUITETURA IMPACTANTE (1).pdf,medio,28,"conte√∫do   foi   desenvolvido   pela   ArqSphere   ‚Äì   Arquitetura           5
Permita-se   seguir   cada   passo   e   explorar   as   dicas   e   estrat√©gias   que   compartilhei   aqui   consigo.   O   caminho   pode   parecer   desafiador ,   mas   com   as   ferramentas   e   o   conhecimento   certos,   est√°   prestes   a   dar   um   grande   passo   na   sua   carreira.     Agora,   √©   hora   de   aplicar   o   que   aprendeu   e   criar   algo   que   realmente   reflita   quem   √©   e   o   que   pode   oferecer   ao   mundo.   Estamos   empolgados   para   acompanhar   a   sua   jornada   e   ver   o   seu   portf√≥lio   brilhar!     Vemo-nos   na   pr√≥xima"
guia-29,GUIA PR√ÅTICO PARA CRIAR UM PORTF√ìLIO DE ARQUITETURA IMPACTANTE (1).pdf,medio,29,"jornada   e   ver   o   seu   portf√≥lio   brilhar!     Vemo-nos   na   pr√≥xima
p√°gina!                                                                   Este   conte√∫do   foi   desenvolvido   pela   ArqSphere   ‚Äì   Arquitetura           6"
guia-30,GUIA PR√ÅTICO PARA CRIAR UM PORTF√ìLIO DE ARQUITETURA IMPACTANTE (1).pdf,medio,30,"conte√∫do   foi   desenvolvido   pela   ArqSphere   ‚Äì   Arquitetura           6
SEC√á√ÉO   1   |   CONSTRUIR   O   PORTF√ìLIO   COMO   ESTUDANTE   DE   ARQUITETURA         CAP√çTULO   1   -   O   QUE   √â   UM   PORTF√ìLIO   DE   ARQUITETURA   E   PORQUE   ELE   √â   ESSENCIAL?     Se   √©   estudante   de   arquitetura,   provavelmente   j√°   ouviu   falar   sobre   a   import√¢ncia   de   um   portf√≥lio.   Mas   o   que   exatamente   ele   representa   para   algu√©m   que   continua   na   faculdade?   O   portf√≥lio   n√£o   √©   apenas   um   requisito   para   processos   seletivos;   ele   √©   a   ferramenta   que   conta   a   sua   hist√≥ria   como   futuro   arquiteto,"
guia-31,GUIA PR√ÅTICO PARA CRIAR UM PORTF√ìLIO DE ARQUITETURA IMPACTANTE (1).pdf,medio,31,"a   ferramenta   que   conta   a   sua   hist√≥ria   como   futuro   arquiteto,
mostrando   a   sua   evolu√ß√£o,   criatividade   e   dom√≠nio   t√©cnico.       1.1   O   que   √©   um   Portf√≥lio   de   Arquitetura   para   Estudantes?     O   portf√≥lio   de   um   estudante   de   arquitetura   √©   um   registo   visual   e   conceitual   dos   trabalhos   desenvolvidos   durante   a   forma√ß√£o   acad√©mica.   Ele   re√∫ne   projetos,   desenhos,   pesquisas   e   experimenta√ß√µes   que   demonstram   o   seu   progresso   e   habilidades.   Diferente   de   um   arquiteto   formado,   que   apresenta   obras   constru√≠das   e   experi√™ncias   profissionais,   o   estudante"
guia-32,GUIA PR√ÅTICO PARA CRIAR UM PORTF√ìLIO DE ARQUITETURA IMPACTANTE (1).pdf,medio,32,"esenta   obras   constru√≠das   e   experi√™ncias   profissionais,   o   estudante
valoriza   o   processo   criativo   e   a   evolu√ß√£o   do   pensamento   projetual.     Um   bom   portf√≥lio   estudantil   pode   incluir:     ‚úî   Projetos   acad√©micos   ‚Äì   Trabalhos   desenvolvidos   em   disciplinas,   desde   esbo√ßos   at√©   propostas   finalizadas.   ‚úî . Estudos   gr√°ficos   e   t√©cnicos   ‚Äì   Diagramas,   cortes,   fachadas,   plantas   e   representa√ß√µes   digitais.   ‚úî   Processos   criativos   ‚Äì   Croquis,   modelagens   f√≠sicas   e   digitais,   conceitos   iniciais   e   experimenta√ß√µes.   ‚úî . Trabalhos   pessoais   ‚Äì   Projetos   autorais,   concursos"
guia-33,GUIA PR√ÅTICO PARA CRIAR UM PORTF√ìLIO DE ARQUITETURA IMPACTANTE (1).pdf,medio,33,"perimenta√ß√µes.   ‚úî . Trabalhos   pessoais   ‚Äì   Projetos   autorais,   concursos
acad√©micos   e   iniciativas   volunt√°rias.   ‚úî   Habilidades   complementares   ‚Äì   Dom√≠nio   de   softwares,   t√©cnicas   de   ilustra√ß√£o   e   fotografias   relacionadas   √†   arquitetura.       Exemplos   de   portf√≥lios   de   estudantes:   üîó Portf√≥lio   de   Estudante   de   Arquitetura   2021   no   Behance   üîó Cole√ß√£o   de   Portf√≥lios   de   Estudantes   de   Arquitetura   no   Behance     Este   conte√∫do   foi   desenvolvido   pela   ArqSphere   ‚Äì   Arquitetura           7"
guia-34,GUIA PR√ÅTICO PARA CRIAR UM PORTF√ìLIO DE ARQUITETURA IMPACTANTE (1).pdf,medio,34,"conte√∫do   foi   desenvolvido   pela   ArqSphere   ‚Äì   Arquitetura           7
1.1.1   QUAL   √â   O   OBJETIVO   DO   PORTF√ìLIO   PARA   UM   ESTUDANTE?     Mesmo   sem   experi√™ncia   profissional,   um   estudante   pode   usar   o   seu   portf√≥lio   para:     ‚óè   Conseguir   est√°gios   e   bolsas   de   estudo   ‚Äì   Muitas   empresas   e   escrit√≥rios   avaliam   candidatos   pelo   portf√≥lio   antes   da   entrevista.   ‚óè   Registar   a   evolu√ß√£o   da   aprendizagem ‚Äì   Criar   um   portf√≥lio   desde   os   primeiros   anos   de   faculdade   ajuda   a   perceber   o   progresso   e   a   aprimorar   as   habilidades.   ‚óè   Se   destacar   em   concursos"
guia-35,GUIA PR√ÅTICO PARA CRIAR UM PORTF√ìLIO DE ARQUITETURA IMPACTANTE (1).pdf,medio,35,"sso   e   a   aprimorar   as   habilidades.   ‚óè   Se   destacar   em   concursos
acad√©micos   ‚Äì   Muitos   pr√©mios   e   oportunidades   exigem   um   portf√≥lio   para   inscri√ß√£o.   ‚óè   Criar   uma   identidade   profissional   desde   cedo   ‚Äì   A   organiza√ß√£o   do   portf√≥lio   j√°   reflete   a   forma   como   pensa   e   apresenta   os   seus   projetos.     Exemplos   de   portf√≥lios   premiados:   üîó Portf√≥lio   de   Arquitetura:   Dicas   Para   Criar   o   Seu   +   Modelos       1.2   PORQUE   CRIAR   UM   PORTF√ìLIO   DESDE   OS   PRIMEIROS   ANOS   DA   FACULDADE?     Muitos   estudantes   acreditam   que   s√≥   devem   se   preocupar   com   um   portf√≥lio"
guia-36,GUIA PR√ÅTICO PARA CRIAR UM PORTF√ìLIO DE ARQUITETURA IMPACTANTE (1).pdf,medio,36,"studantes   acreditam   que   s√≥   devem   se   preocupar   com   um   portf√≥lio
quando   est√£o   a   terminar   o   curso.   No   entanto,   come√ßar   cedo   traz   uma   s√©rie   de   vantagens:     ‚óè   Facilita   a   procura   por   est√°gios   e   oportunidades   ‚Äì   Quanto   antes   tiver   um   portf√≥lio,   mais   cedo   poder√°   se   candidatar   a   vagas   relevantes.   ‚óè   Ajuda   a   refletir   sobre   a   sua   evolu√ß√£o   ‚Äì   Ao   organizar   os   seus   projetos,   percebe   o   que   pode   melhorar   e   onde   j√°   se   destaca.   ‚óè   Permite   testar   diferentes   formatos   e   estilos   ‚Äì   Criar   vers√µes   preliminares   do   portf√≥lio   ajuda   a"
guia-37,GUIA PR√ÅTICO PARA CRIAR UM PORTF√ìLIO DE ARQUITETURA IMPACTANTE (1).pdf,medio,37,"e   estilos   ‚Äì   Criar   vers√µes   preliminares   do   portf√≥lio   ajuda   a
encontrar   a   melhor   forma   de   apresentar   o   seu   trabalho.   ‚óè   Desenvolve   um   olhar   cr√≠tico   sobre   a   sua   pr√≥pria   produ√ß√£o   ‚Äì   A   curadoria   dos   projetos   mostra   quais   trabalhos   realmente   representam   o   seu   potencial.       Modelos   para   iniciar   o   seu   portf√≥lio :   üîó Modelo   de   Portf√≥lio   de   Estudante   de   Arquitetura   no   Flipsnack   üîó Modelos   Gratuitos   de   Portf√≥lio   de   Arquitetura   no   TheGoodocs     Ao   longo   da   faculdade,   √©   importante   rever   e   atualizar   o   portf√≥lio   constantemente,   garantindo"
guia-38,GUIA PR√ÅTICO PARA CRIAR UM PORTF√ìLIO DE ARQUITETURA IMPACTANTE (1).pdf,medio,38,"mportante   rever   e   atualizar   o   portf√≥lio   constantemente,   garantindo
que   ele   reflita   a   sua   maturidade   e   crescimento   como   arquiteto.     Este   conte√∫do   foi   desenvolvido   pela   ArqSphere   ‚Äì   Arquitetura           8"
guia-39,GUIA PR√ÅTICO PARA CRIAR UM PORTF√ìLIO DE ARQUITETURA IMPACTANTE (1).pdf,medio,39,"conte√∫do   foi   desenvolvido   pela   ArqSphere   ‚Äì   Arquitetura           8
1.3   O   QUE   TORNA   UM   PORTF√ìLIO   DE   ESTUDANTE   ATRAENTE?     Para   se   destacar ,   um   portf√≥lio   estudantil   deve:     ‚úî   Ter   um   design   bem   organizado   ‚Äì   A   clareza   na   disposi√ß√£o   das   informa√ß√µes   facilita   a   leitura   e   valoriza   os   projetos.   ‚úî   Mostrar   variedade   de   habilidades   ‚Äì   Demonstrar   capacidade   de   conceituar ,   projetar ,   representar   graficamente   e   comunicar   ideias.   ‚úî   Equilibrar   t√©cnica   e   criatividade   ‚Äì   Projetos   bem   fundamentados   s√£o   t√£o   importantes   quanto   a   apresenta√ß√£o   visual."
guia-40,GUIA PR√ÅTICO PARA CRIAR UM PORTF√ìLIO DE ARQUITETURA IMPACTANTE (1).pdf,medio,40,"fundamentados   s√£o   t√£o   importantes   quanto   a   apresenta√ß√£o   visual.
‚úî   Ser   adapt√°vel   ao   p√∫blico-alvo   ‚Äì   Um   portf√≥lio   para   um   est√°gio   num   escrit√≥rio   de   urbanismo   pode   ser   diferente   de   um   voltado   para   design   de   interiores,   por   exemplo.       Inspira√ß√µes   de   portf√≥lios   profissionais:   üîó 10   Portf√≥lios   de   Arquitetura   para   Inspira√ß√£o   de   Design       1.4   CONCLUS√ÉO   DO   CAP√çTULO       Criar   um   portf√≥lio   desde   os   primeiros   anos   da   faculdade   √©   um   passo   fundamental   para   qualquer   estudante   de   arquitetura.   N√£o   ajuda   apenas   a   conquistar   oportunidades"
guia-41,GUIA PR√ÅTICO PARA CRIAR UM PORTF√ìLIO DE ARQUITETURA IMPACTANTE (1).pdf,medio,41,"ante   de   arquitetura.   N√£o   ajuda   apenas   a   conquistar   oportunidades
acad√©micas   e   profissionais,   mas   tamb√©m   funciona   como   um   di√°rio   visual   da   sua   trajet√≥ria.     Nos   pr√≥ximos   cap√≠tulos,   vamos   aprofundar   a   import√¢ncia   de   iniciar   um   portf√≥lio   cedo,   como   selecionar   os   melhores   projetos   e   quais   formatos   s√£o   mais   adequados   para   estudantes.                               Este   conte√∫do   foi   desenvolvido   pela   ArqSphere   ‚Äì   Arquitetura           9"
guia-42,GUIA PR√ÅTICO PARA CRIAR UM PORTF√ìLIO DE ARQUITETURA IMPACTANTE (1).pdf,medio,42,"conte√∫do   foi   desenvolvido   pela   ArqSphere   ‚Äì   Arquitetura           9
CAP√çTULO   2   -   PORQUE   COME√áAR   UM   PORTF√ìLIO   DESDE   OS   PRIMEIROS   ANOS   DA   FACULDADE?     Muitos   estudantes   acreditam   que   s√≥   precisam   construir   um   portf√≥lio   pr√≥ximo   √†   formatura,   quando   forem   procurar   um   est√°gio   ou   o   primeiro   emprego.   No   entanto,   esse   pensamento   pode   ser   um   erro   estrat√©gico.   Criar   um   portf√≥lio   desde   os   primeiros   anos   da   faculdade   n√£o   apenas   facilita   a   organiza√ß√£o   dos   seus   projetos,   mas   tamb√©m   permite   que   acompanhe   a   sua   evolu√ß√£o   e   esteja   preparado"
guia-43,GUIA PR√ÅTICO PARA CRIAR UM PORTF√ìLIO DE ARQUITETURA IMPACTANTE (1).pdf,medio,43,"tamb√©m   permite   que   acompanhe   a   sua   evolu√ß√£o   e   esteja   preparado
para   oportunidades   que   surgirem   ao   longo   da   gradua√ß√£o.     Neste   cap√≠tulo,   aprender√°   as   vantagens   de   iniciar   o   seu   portf√≥lio   desde   cedo,   como   ele   pode   auxiliar   na   sua   forma√ß√£o   e   carreira,   e   quais   passos   pr√°ticos   pode   tomar   para   come√ßar   agora   mesmo.       2.1   REFLETIR   SOBRE   O   PROCESSO   DE   APRENDIZAGEM       A   arquitetura   √©   uma   profiss√£o   que   exige   aprendizagem   cont√≠nua,   e   um   portf√≥lio   pode   ser   um   excelente   meio   para   visualizar   essa   evolu√ß√£o.   Ter   um   registo   do   seu"
guia-44,GUIA PR√ÅTICO PARA CRIAR UM PORTF√ìLIO DE ARQUITETURA IMPACTANTE (1).pdf,medio,44,"te   meio   para   visualizar   essa   evolu√ß√£o.   Ter   um   registo   do   seu
crescimento   ajuda   a   avaliar   o   seu   progresso,   perceber   quais   √°reas   precisam   de   mais   desenvolvimento   e   at√©   mesmo   servir   como   material   de   refer√™ncia   para   projetos   futuros.       Passo   a   passo   para   documentar   o   seu   processo   de   aprendizagem:     1.   Crie   uma   pasta   organizada   no   seu   computador   ou   na   nuvem   (Google   Drive,   Dropbox,   OneDrive)   para   armazenar   os   seus   projetos.     2.   Separe   cada   trabalho   por   semestre   e   disciplina,   para   facilitar   a   procura   e   compara√ß√£o   futura."
guia-45,GUIA PR√ÅTICO PARA CRIAR UM PORTF√ìLIO DE ARQUITETURA IMPACTANTE (1).pdf,medio,45,"re   e   disciplina,   para   facilitar   a   procura   e   compara√ß√£o   futura.
3.   Guarde   n√£o   apenas   os   projetos   finais,   mas   tamb√©m   rascunhos,   croquis,   pesquisas   e   imagens   de   refer√™ncia.   O   processo   de   cria√ß√£o   √©   t√£o   importante   quanto   o   resultado   final.     4.   Inclua   pequenas   anota√ß√µes   sobre   cada   projeto,   explicando:     ‚óè   Qual   era   o   objetivo   do   trabalho?   ‚óè   Quais   desafios   enfrentou?   ‚óè   O   que   aprendeu   com   esse   projeto?     Este   conte√∫do   foi   desenvolvido   pela   ArqSphere   ‚Äì   Arquitetura           10"
guia-46,GUIA PR√ÅTICO PARA CRIAR UM PORTF√ìLIO DE ARQUITETURA IMPACTANTE (1).pdf,medio,46,"conte√∫do   foi   desenvolvido   pela   ArqSphere   ‚Äì   Arquitetura           10
5.   Atualize   essa   pasta   regularmente,   sempre   que   finalizar   um   novo   trabalho.     Exemplo   pr√°tico     Imagine   que   fez   um   projeto   de   habita√ß√£o   sustent√°vel   no   segundo   semestre.   Em   vez   de   guardar   apenas   o   resultado   final,   pode:   ‚úî   Criar   uma   pasta   com   os   croquis   iniciais,   refer√™ncias   de   estudo,   imagens   do   modelo   3D   e   diagramas   conceituais.   ‚úî   Escrever   um   pequeno   texto   sobre   como   desenvolveu   a   ideia,   quais   dificuldades   encontrou   e   como   resolveu   os   problemas.   ‚úî   Rever"
guia-47,GUIA PR√ÅTICO PARA CRIAR UM PORTF√ìLIO DE ARQUITETURA IMPACTANTE (1).pdf,medio,47,"s   dificuldades   encontrou   e   como   resolveu   os   problemas.   ‚úî   Rever
esse   material   no   futuro   para   verificar   como   a   suas   ideias   evolu√≠ram   ao   longo   do   curso.       2.2   ESTABELECER   UMA   MARCA   PESSOAL   DESDE   CEDO       Ter   um   portf√≥lio   bem   estruturado   desde   o   in√≠cio   da   faculdade   ajuda   a   definir   a   sua   identidade   visual   e   profissional,   mesmo   que   ainda   esteja   em   fase   de   aprendizagem.     Por   que   a   marca   pessoal   √©   importante?     ‚óè   Ajuda   a   criar   uma   identidade   visual   consistente   para   seus   trabalhos.   ‚óè   Facilita   a   apresenta√ß√£o   do   seu"
guia-48,GUIA PR√ÅTICO PARA CRIAR UM PORTF√ìLIO DE ARQUITETURA IMPACTANTE (1).pdf,medio,48,"sistente   para   seus   trabalhos.   ‚óè   Facilita   a   apresenta√ß√£o   do   seu
estilo   arquitet√≥nico.   ‚óè   Deixa   o   seu   portf√≥lio   mais   profissional   e   organizado.   ‚óè   Prepara-o   para   futuras   oportunidades,   como   est√°gios   e   concursos.       Passo   a   passo   para   come√ßar   a   criar   a   sua   identidade   visual:     Desenvolver   uma   identidade   visual   s√≥lida   para   o   seu   portf√≥lio   de   arquitetura   √©   essencial   para   transmitir   profissionalismo   e   destacar   a   sua   personalidade   como   arquiteto.   A   seguir ,   apresento   um   passo   a   passo   detalhado   para   criar   essa   identidade   visual,"
guia-49,GUIA PR√ÅTICO PARA CRIAR UM PORTF√ìLIO DE ARQUITETURA IMPACTANTE (1).pdf,medio,49,"um   passo   a   passo   detalhado   para   criar   essa   identidade   visual,
acompanhado   de   dicas   pr√°ticas   e   um   exerc√≠cio   para   aplicar   os   conceitos   aprendidos.       ‚óè   PASSO   1:   DEFINA   O   CONCEIT O   E   A   MENSAGEM   QUE   DESEJA   TRANSMITIR       Antes   de   iniciar   o   design,   reflita   sobre   a   mensagem   que   deseja   passar   com   o   seu   portf√≥lio.   Considere:     Este   conte√∫do   foi   desenvolvido   pela   ArqSphere   ‚Äì   Arquitetura           11"
guia-50,GUIA PR√ÅTICO PARA CRIAR UM PORTF√ìLIO DE ARQUITETURA IMPACTANTE (1).pdf,medio,50,"conte√∫do   foi   desenvolvido   pela   ArqSphere   ‚Äì   Arquitetura           11
‚óè   Estilo   Arquitet√≥nico   Preferido:   Moderno,   cl√°ssico,   sustent√°vel,   minimalista,   etc.   ‚óè   Personalidade   Profissional:   Inovador ,   detalhista,   funcional,   art√≠stico,   etc.   ‚óè   P√∫blico-Alvo :   Empresas   de   arquitetura,   clientes   residenciais,   institui√ß√µes   p√∫blicas,   etc.     Essa   reflex√£o   ajudar√°   a   alinhar   a   sua   identidade   visual   com   os   seus   objetivos   profissionais.     Dica   Pr√°tica :   Escreva   uma   breve   declara√ß√£o   de   miss√£o   que   resuma   a   sua   vis√£o   e   objetivos   como   arquiteto.       ‚óè   PASSO   2:"
